gene,pagerank
AKT1,0.002811615740192268
TP53,0.0025555668231287076
ERBB2,0.00210214018594859
NFKB1,0.002020443535721895
EGFR,0.0019387569511906022
ESR1,0.0019305682791318289
TGFB1,0.0019266576227883435
MAPK1,0.001920882656796161
CTNNB1,0.0018605284332742188
MYC,0.0016227470842926277
