gene,pagerank
INS,0.002492461530929546
AKT1,0.0020156878762820113
TNF,0.001795954581757851
TGFB1,0.0015123480274231028
MAPK1,0.0014984536684636027
NFKB1,0.0014774901180864967
IFNG,0.0013642682149485478
IL6,0.0013577096278811767
AGT,0.0013133388903896275
IL1B,0.0012529587641320517
